[
  {
    "artist_album" : "Bensound",
    "image_album": "",
    "key_album": "-MS0tO0icH8jRVKKxp8m",
    "name_album": "Around the bush",
    "songs": [
      {
        "album_name_song": "Around the bush",
        "artist_song": "Bensound",
        "image_song": "",
        "key_song": "-MS0rxnqAgQxfT_hkQMm",
        "name_song": "Energy",
        "uri_song": "",
        "year_song": 2018
      },
      {
        "album_name_song": "Around the bush",
        "artist_song": "Bensound",
        "image_song": "",
        "key_song": "-MS0ryF_41S-jujf6V2W",
        "name_song": "Dubstep",
        "uri_song": "",
        "year_song": 2018
      }
    ],
    "year_album": 2018
  },
  {
    "artist_album" : "Bensound",
    "image_album": "",
    "key_album": "-MS0tO0vJ8WnkkEdIjRv",
    "name_album": "Crazy eyes",
    "songs": [
      {
        "album_name_song": "Crazy eyes",
        "artist_song": "Bensound",
        "image_song": "",
        "key_song": "-MS0rwO_JltYxDADewrz",
        "name_song": "Tenderness",
        "uri_song": "",
        "year_song": 2020
      },
      {
        "album_name_song": "Crazy eyes",
        "artist_song": "Bensound",
        "image_song": "",
        "key_song": "-MS0rxuJvESydpymXUH1",
        "name_song": "Once Again",
        "uri_song": "",
        "year_song": 2020
      }
    ],
    "year_album": 2020
  },
  {
    "artist_album" : "Bensound",
    "image_album": "",
    "key_album": "-MS0tO110lvqeavFq3w8",
    "name_album": "Honestly",
    "songs": [
      {
        "album_name_song": "Honestly",
        "artist_song": "Bensound",
        "image_song": "",
        "key_song": "-MS0rwPslPhAyEBLVmwj",
        "name_song": "Betterdays",
        "uri_song": "",
        "year_song": 2021
      }
    ],
    "year_album": 2021
  },
  {
    "artist_album" : "Bensound",
    "image_album": "",
    "key_album": "-MS0tO12-al-dzk9OUzB",
    "name_album": "No history",
    "songs": [
      {
        "album_name_song": "No history",
        "artist_song": "Bensound",
        "image_song": "",
        "key_song": "-MS0rwaI9PQ9O32HwYXx",
        "name_song": "Epic",
        "uri_song": "",
        "year_song": 2019
      },
      {
        "album_name_song": "No history",
        "artist_song": "Bensound",
        "image_song": "",
        "key_song": "-MS0rwaQIJMkFh1_RKsA",
        "name_song": "Funny Song",
        "uri_song": "",
        "year_song": 2019
      }
    ],
    "year_album": 2019
  }
]