[
  {
    "album_name_song": "Crazy eyes",
    "artist_song": "Bensound",
    "image_song": "",
    "key_song": "-MS0rwO_JltYxDADewrz",
    "name_song": "Tenderness",
    "uri_song": "",
    "year_song": 2020
  },
  {
    "album_name_song": "Honestly",
    "artist_song": "Bensound",
    "image_song": "",
    "key_song": "-MS0rwPslPhAyEBLVmwj",
    "name_song": "Betterdays",
    "uri_song": "",
    "year_song": 2021
  },
  {
    "album_name_song": "No history",
    "artist_song": "Bensound",
    "image_song": "",
    "key_song": "-MS0rwaI9PQ9O32HwYXx",
    "name_song": "Epic",
    "uri_song": "",
    "year_song": 2019
  },
  {
    "album_name_song": "No history",
    "artist_song": "Bensound",
    "image_song": "",
    "key_song": "-MS0rwaQIJMkFh1_RKsA",
    "name_song": "Funny Song",
    "uri_song": "",
    "year_song": 2019
  },
  {
    "album_name_song": "Around the bush",
    "artist_song": "Bensound",
    "image_song": "",
    "key_song": "-MS0rxnqAgQxfT_hkQMm",
    "name_song": "Energy",
    "uri_song": "",
    "year_song": 2018
  },
  {
    "album_name_song": "Crazy eyes",
    "artist_song": "Bensound",
    "image_song": "",
    "key_song": "-MS0rxuJvESydpymXUH1",
    "name_song": "Once Again",
    "uri_song": "",
    "year_song": 2020
  },
  {
    "album_name_song": "Around the bush",
    "artist_song": "Bensound",
    "image_song": "",
    "key_song": "-MS0ryF_41S-jujf6V2W",
    "name_song": "Dubstep",
    "uri_song": "",
    "year_song": 2018
  }
]